model,n_points,MAE,RMSE,MAPE_%
ARIMA_sans_exog,9,4860.227746094441,30346118.091018718,117.61606753075469
